Biomass,d0(%),d1(%),d2(%),d3(%),d4(%),d5(%),d6(%),d7(%),d8(%),d9(%),p10,p100,p30,p40,p50,p60,p70,p80,p90,stdev,mean
12.3566,8.1987903,9.2324696,7.3306002,9.00736,13.7277007,14.745,16.0898,14.7718996,6.8719901,0.0244844,4.58468008,23.6644001,9.211230278,12.04930019,13.97270012,15.50389957,16.78319931,18.09679985,19.6590004,5.656139851,12.91329956
12.2161,5.7614401,5.3050499,3.7154902,9.0669103,19.0109998,20.7304999,20.0405002,12.3531997,3.9962701,0.0196563,7.613580227,28.67480087,14.57429981,16.23200035,17.69499969,19.06690025,20.66040039,22.07150078,23.84070015,6.039309978,16.88870049
17.4936,3.62239,2.2281099,4.6820499,9.7533703,22.2472996,29.2369992,13.3211002,10.6096998,4.26904,0.0298792,11.02190018,31.67449951,16.79380035,18.18779945,19.3416996,20.75230026,21.97489929,23.26110077,24.95590019,5.697899818,18.74790001
16.5764,2.27345,0.627018,0.822914,2.2145201,7.6604597,21.8456998,36.6905004,23.2659996,4.5742299,0.0251861,12.42640018,25.30970001,16.75830078,17.78450012,18.55920029,19.36260033,20.23649979,21.02000046,21.87919998,3.724299908,17.88680077
17.7037,0,0,0.208468,0.958235,10.3353001,29.5226991,38.866201,16.0621002,4.1109599,0.0243126,16.33600044,28.60129929,18.67709923,19.49469948,20.15500069,20.78689957,21.83939934,22.81599998,24.12540054,3.196340084,20.14649963
22.8691,0.190478,0.195974,1.11343,2.4679299,5.6486201,14.3958002,35.7069999,33.5099995,6.7456096,0.0251887,17.7276001,30.74860001,21.63139915,22.53470039,23.48940086,24.38759995,25.13969994,25.92580032,27.17490005,3.913630009,22.83799934
16.1289,0.567737,2.5099801,3.27967,9.7590297,21.7167005,25.7198006,17.0114994,11.3499999,8.0427997,0.0428776,13.64290047,31.8227005,17.84049988,19.55579948,20.67410088,21.63739967,22.77759933,24.17230034,25.8390007,4.93366003,20.11809921
10.5341,9.7626403,24.6970996,26.9800007,7.6721899,7.3751204,7.3251203,9.0592302,4.7336102,2.3574799,0.0374993,3.682879925,22.33679962,6.111480236,7.204400063,8.472109795,9.250599861,9.965189934,11.13140011,15.71030045,4.558790207,8.720569611
11.8865,10.9958,7.9381302,10.8608,14.9289995,13.4679005,13.6019006,13.9706999,10.7298002,3.4705199,0.035415,5.078670025,26.45569992,10.04389954,11.94400024,13.96759987,15.39760017,16.79490089,18.73220062,20.94389915,5.87293005,13.41079998
11.0693,7.7623002,9.17731,3.3575598,5.65756,10.8566001,22.5590006,25.3944993,10.5994999,4.6095699,0.0261513,5.228050232,26.16010094,12.86260033,15.20590019,16.88529968,17.85199928,18.71199989,19.94470024,21.3852005,5.848949909,15.11909962
16.8359,3.4227401,5.2060001,6.4605698,6.8222798,15.9351006,31.2804997,18.6983004,8.3371997,3.8142499,0.0230487,8.071570396,27.14159966,14.1782999,15.8355999,16.81270027,17.72839928,18.59029961,19.9822998,22.33419991,5.2572999,15.9698
17.7744,2.27345,0.627018,0.822914,2.2145201,7.6604597,21.8456998,36.6905004,23.2659996,4.5742299,0.0251861,12.42640018,25.30970001,16.75830078,17.78450012,18.55920029,19.36260033,20.23649979,21.02000046,21.87919998,3.724299908,17.88680077
19.0036,0.801902,0.673515,1.63396,4.13795,8.55214,24.2455006,31.6038996,21.5832993,6.74536,0.0225564,16.05319977,31.19750023,20.32329941,21.24500084,22.15769958,23.17079926,24.05820084,25.36650085,27.06469917,4.575960159,21.75419998
25.9984,0.119564,0.382568,1.97054,1.9063599,8.3020203,19.6597993,40.4206991,20.2307001,6.9860399,0.0217164,17.92980003,31.92259979,21.43829918,22.52930069,23.21249962,23.89920044,24.87709999,25.92140007,27.88209915,4.181610107,22.81649971
20.5258,0.333858,1.04977,5.29592,10.7363001,16.3785994,24.3679002,18.2291999,14.2570004,9.3287297,0.0226872,12.99790001,31.64949989,17.1352005,18.93040085,20.49259949,22.1189003,23.7336998,25.3927002,27.92079926,5.71750021,20.38019943
14.4288,4.6979301,17.8929001,14.3726006,12.6809999,13.8662994,16.1881998,9.6464999,7.6914199,2.92976,0.0333885,4.95318985,28.26729965,10.07929993,11.81089973,13.52509975,15.21949959,17.75300026,20.34399986,22.50469971,6.321479797,13.7947998
8.4474,6.4623497,11.0128,17.0374006,15.9327,12.8694996,17.5049007,11.4609003,5.38815,2.3020299,0.0292419,4.205639839,19.18580055,6.701179981,7.855110168,9.168700218,10.49429989,11.94449997,13.16839981,14.70409966,4.011909962,9.388950348
5.2908,4.65656,6.9394797,20.2380002,26.2558997,19.5979998,11.4906996,4.86991,4.1673601,1.7252799,0.0588858,4.222720146,15.48209953,5.864409924,6.516389847,7.122320175,7.73526001,8.469739914,9.408579826,11.08409977,2.699170113,7.364659786
5.6392,6.2911697,13.5001004,21.2891996,26.0670006,19.7163001,10.6576003,1.89925,0.0721114,0.470313,0.0369409,3.777889967,17.34770012,5.771590233,6.575429916,7.27421999,7.919139862,8.748940468,9.576379776,10.43910027,2.625329971,7.240449905
8.4103,2.55269,4.0989898,8.1534602,14.2481998,26.4120996,27.9729992,13.4680003,2.41211,0.651811,0.0295709,6.647890091,19.65929985,9.612119675,10.46510029,11.12090015,11.79640007,12.47430038,13.22539997,14.31340027,2.99090004,10.80379963
11.4447,2.4430299,3.80328,4.8831001,7.6098002,15.1171997,21.0458994,23.0087996,15.5148,6.5506302,0.0234581,8.38008976,22.45000076,12.43879986,13.79419994,14.99750042,15.98460007,17.1310997,18.12269974,19.23250008,4.274409771,14.32530022
9.8523,3.4428101,5.2565701,8.2686,13.7963995,18.4981003,22.6669997,17.7304998,8.0462404,2.26733,0.0264066,5.349040031,18.03619957,8.719960213,9.762419701,10.70370007,11.46570015,12.28960037,13.18719959,14.38599968,3.393219948,10.29080009
6.385,2.04453,4.1218001,14.1071007,28.7164003,22.6159006,11.8513003,8.5358799,5.7829998,2.2027601,0.0213695,6.654990196,21.15439987,8.848950386,9.557510376,10.22089958,11.13199997,12.12049961,13.59500027,16.41559982,3.633059978,10.76970005
6.3257,6.0603902,14.6913007,16.5748,16.0638005,14.0933007,12.1399,6.7552,9.5445998,4.0493,0.0274155,3.491450071,15.37819958,5.32694006,6.365200043,7.250480175,8.304459572,9.406459808,10.95339966,12.98919964,3.413929939,7.682779789
9.507,6.0603902,14.6913007,16.5748,16.0638005,14.0933007,12.1399,6.7552,9.5445998,4.0493,0.0274155,3.491450071,15.37819958,5.32694006,6.365200043,7.250480175,8.304459572,9.406459808,10.95339966,12.98919964,3.413929939,7.682779789
8.3897,3.9102301,6.2410101,7.9596698,13.5510996,18.1474999,24.4060993,18.6274007,7.4375801,0,0.0234557,6.247719765,20.52549934,9.757590294,10.84389973,11.73910046,12.42840004,13.3409996,14.35350037,15.83740044,3.625799894,11.32089996
15.3947,1.55649,2.5117399,5.09611,11.9487002,12.9924998,14.1580999,19.1223994,19.7751999,12.8077,0.0310455,8.657030106,22.81369972,13.26000023,14.77120018,15.86400032,16.99220085,18.21549988,19.25149918,20.37080002,4.551760197,15.11830044
3.1654,3.69654,17.8110003,30.7893008,17.2597006,10.7070997,9.7574599,6.3599803,2.7003599,0.894746,0.0238055,4.220739841,18.34020042,5.844379902,6.741509914,7.445240021,8.00524044,8.646940231,9.510370255,11.35789967,3.004669905,7.615809917
8.389,6.3305803,14.1789004,19.4866002,14.9792999,10.5439,12.7223998,11.0760003,8.6736403,1.9866601,0.021951,4.26598978,20.16790009,6.816679955,8.110589981,9.629610062,11.18159962,12.34609985,13.73289967,15.53979969,4.237410069,9.715149879
6.5824,10.0966997,11.0506997,9.8368101,13.6267006,16.9183001,17.5854996,13.8849005,5.6070302,1.37131,0.0220396,3.480269909,18.40979958,6.723219872,8.207550049,9.416700363,10.58500004,11.77369976,12.8579998,14.01319981,3.900719881,9.1291399
8.4208,1.75284,7.0906103,13.1051004,19.1503003,22.3425999,15.7836005,13.4494007,6.3545898,0.949759,0.0212982,6.113140106,21.63310051,8.926289558,10.23659992,11.20009995,12.40649986,13.66349983,14.86450005,16.55590057,3.910640001,11.29510021
6.6266,1.42777,3.9306901,14.4576997,18.3272004,16.7230994,17.9323003,15.9937993,8.7391697,2.4366099,0.0317993,6.504899979,20.17709923,9.164460182,10.12100029,11.3093996,12.35540009,13.34669971,14.48130035,15.91959953,3.566479921,11.2208004
6.7809,4.0491,8.6406499,12.7614006,17.0185998,15.1923001,14.7523999,13.5105997,11.7317997,2.3108101,0.0324625,5.000329971,19.61689949,8.578029633,9.674619675,10.76620007,11.86460018,12.93449974,14.18840027,15.79559994,3.914400101,10.61460018
5.7512,5.3808801,9.5837802,11.7895,15.9052998,19.4585994,17.4052,10.8845003,7.6288499,1.93775,0.0255976,4.37774992,18.63879967,7.36823988,8.623189926,9.567230225,10.47290039,11.73359966,12.91380024,14.84570026,3.781939983,9.554200172
7.4949,8.72688,18.9852998,21.7120007,14.1571999,9.55083,7.68262,10.6905997,6.6128902,1.85725,0.0244108,3.419490099,17.64640045,4.960440159,5.736529827,6.834280014,8.429510117,10.02390003,11.67259979,13.41059971,3.837860107,7.787700176
8.841,5.7095598,13.4698004,12.8238007,13.4883001,14.4088998,17.4013004,14.4876003,6.4533897,1.7391,0.0182353,4.302430153,20.54439926,7.36631012,9.059860229,10.70199966,12.03030014,13.17539978,14.42930031,16.0095005,4.377530098,10.30290031
4.5753,5.07925,8.7408699,10.9869003,18.2081997,21.7641994,16.7373002,12.2097999,5.07797,1.17327,0.0222757,4.739200115,18.27659988,7.593989849,8.515839577,9.430589676,10.26010036,11.14459991,12.02250004,13.47859955,3.251660109,9.266699791
4.9041,4.3283101,8.5441701,13.1386995,19.7273999,17.7979007,13.2116005,13.7675002,7.3639996,2.09866,0.0217347,4.907149792,17.62809944,7.23830986,8.14455986,9.000220299,9.838359833,10.83769989,12.01739979,13.39770031,3.260910034,9.052470207
10.667,3.5583299,9.5166102,10.0245997,12.0612003,16.7337,19.5579007,15.3282002,10.4157001,2.7721999,0.0315048,4.929399967,19.95870018,8.918230057,10.50979996,11.6882,12.59790039,13.57180023,14.74820042,16.33589935,4.165599823,11.08440018
7.8429,1.6282899,7.3270097,15.2541995,19.0569997,23.9922002,15.9649998,10.3923,5.10916,1.24558,0.0291281,5.752689838,20.3654995,8.250349998,9.430520058,10.53859997,11.4144001,12.49919987,13.5635004,15.07859993,3.541300058,10.41880035
4.6996,4.9287301,17.7605003,25.6552011,17.9956004,10.4900002,11.3278002,7.66671,2.96824,1.18175,0.0254055,4.375879765,20.7560997,6.317329884,7.207489967,8.269510269,9.663399696,10.94050026,12.28050041,14.15869999,3.864079952,8.890789986
9.1308,8.2276396,10.9899998,6.8192497,7.0341997,20.5276996,24.9626994,11.6853997,5.8492001,3.8843699,0.0196,3.655610085,21.21990013,9.445340157,10.96759987,11.92640018,12.77939987,13.75949955,15.04389954,17.25639915,4.746419907,11.1697998
10.9699,3.5140999,6.9173001,7.2461396,9.5395103,14.0364006,19.8218003,21.4451,15.3602004,2.10281,0.0165797,5.479109764,20.50090027,10.29810047,11.78999996,13.00119972,14.03110027,15.16100025,16.00189972,16.93810081,4.237360001,12.14439964
12.0124,6.5086998,7.6256201,6.8116099,8.9923702,13.0788997,20.0110003,18.6928004,10.3042997,7.9542197,0.0204564,4.982019901,23.78219986,11.1967001,13.31499958,14.96759987,16.00270081,16.93400002,18.61510086,20.94099998,5.565420151,13.78390026
10.0412,6.1228201,8.5241698,6.08605,10.3349999,19.9851006,19.5708007,16.8392003,8.88303,3.6327198,0.0210515,5.179090023,22.58530045,10.26200008,11.92889977,13.16679955,14.37110043,15.53120041,16.68829918,18.18000031,4.726900101,12.55309963
9.0453,3.14161,4.42921,6.5943196,7.1192198,15.8928007,20.5635995,20.2860996,15.7573,6.19835,0.0174468,7.244780064,22.53079987,12.42380047,13.50450039,14.58240032,15.32190037,16.26300049,17.52519989,19.3567009,4.398439884,13.89939976
19.5612,0.877088,0.696093,1.7768599,2.95763,5.74793,11.5983002,24.9375001,36.4044994,14.9829,0.0211506,14.31989956,26.30760002,19.2310009,20.23819923,20.97730064,21.64690018,22.18619919,22.73200035,23.40850067,3.996989965,19.85740089
11.3501,0.994325,1.44598,4.8283901,8.3748199,12.9366994,24.5631993,23.8647997,17.4358994,5.5390898,0.0167921,12.01900005,29.57600021,17.56520081,19.15539932,20.13470078,21.15589905,22.14920044,23.43849945,25.31690025,5.118279934,19.28240013
15.3298,0.912218,0.751905,1.50772,3.1502701,6.22059,13.0768001,23.1387004,31.7312002,19.4918007,0.0188719,12.50209999,23.21579933,16.55660057,17.57570076,18.67140007,19.43260002,19.99290085,20.54780006,21.14949989,3.725929976,17.5951004
15.6179,2.4826299,3.26006,3.7507601,3.6072299,8.2628101,13.8024002,21.3506997,28.7326008,14.7321001,0.018747,8.985969543,23.43429947,15.1644001,16.84129906,17.99769974,18.90099907,19.73929977,20.46629906,21.4843998,4.839129925,16.57089996
13.7982,2.30924,3.7991501,4.6277799,7.8856297,9.9810801,23.1653005,32.4620992,13.3132994,2.4345201,0.0219271,7.711279869,20.92149925,12.5145998,13.50629997,14.24050045,14.93780041,15.58100033,16.25309944,17.17399979,3.75880003,13.34910011
9.6626,5.8890902,9.8306403,11.9480997,10.6468998,6.0083698,11.0409997,18.1813002,20.5886006,5.8412202,0.0247475,5.305449963,21.74090004,8.797160149,10.47900009,13.19569969,15.33080006,16.69070053,17.96299934,18.9817009,5.300230026,12.55119991
12.1299,2.3438601,8.7931998,7.4247301,9.8559797,15.1567996,24.8895004,17.4851999,7.7964999,6.2097099,0.0444989,5.78937006,23.18000031,11.38319969,12.95049953,14.05609989,15.12069988,16.03310013,17.26600075,19.81119919,4.818890095,13.39220047
11.2985,2.3438601,8.7931998,7.4247301,9.8559797,15.1567996,24.8895004,17.4851999,7.7964999,6.2097099,0.0444989,5.78937006,23.18000031,11.38319969,12.95049953,14.05609989,15.12069988,16.03310013,17.26600075,19.81119919,4.818890095,13.39220047
14.3035,1.73827,2.1155899,2.437,3.1289201,8.71225,9.7235598,19.3306997,30.1903009,22.6055995,0.0178011,10.90939999,23.42639923,16.53019905,17.78660011,18.77339935,19.71660042,20.48550034,21.09189987,21.77490044,4.383769989,17.51810074
12.8627,0.926393,1.24984,1.8941199,6.9559,12.7129003,16.9221997,29.5780987,24.4266003,5.3167202,0.0171575,11.51550007,24.54770088,15.34500027,16.67230034,17.77260017,18.59129906,19.44849968,20.19589996,21.28100014,3.996759892,16.91189957
15.7935,0.459985,0.829165,2.5569299,3.6764201,4.8665401,23.0994001,36.9338006,21.6435999,5.9136201,0.0205083,11.4453001,21.61370087,14.55049992,15.21660042,15.74849987,16.43689919,17.09339905,17.68829918,18.58029938,3.006949902,15.34980011
9.4388,12.0642997,12.0958999,11.5956999,15.5818,19.6421996,12.3958997,7.3288903,5.4624401,3.81107,0.0217131,3.264480114,19.43799973,6.544950008,7.734590054,9.071060181,10.10630035,11.2439003,12.5862999,15.16219997,4.310279846,9.068389893
1.6606,1.30161,6.8096802,22.4740997,25.2597988,20.0843006,15.6884998,5.1114399,1.89059,1.35961,0.0203903,4.451739788,14.62040043,5.951590061,6.548510075,7.112609863,7.658520222,8.209799767,8.893699646,10.17199993,2.279010057,7.19299984
0.1885,15.9691006,13.7526006,6.7067899,11.1524999,19.3009004,15.6421006,9.51344,5.2986301,2.4985399,0.165326,1.931519985,6.913370132,2.982840061,3.30618,3.74022007,4.212240219,4.676780224,5.053549767,5.452449799,1.310760021,3.766680002
0.185,15.3631002,20.2950001,17.1653003,19.6006998,13.5554001,8.4416702,2.57721,2.12097,0.701441,0.179291,1.976500034,8.716509819,2.814879894,3.170170069,3.689019918,4.076650143,4.582960129,5.029799938,5.812900066,1.503730059,3.806119919
0.3258,14.1141996,17.7353993,20.6623003,16.6802004,14.0382007,8.8770702,5.0035901,2.1375099,0.702289,0.0491866,1.810940027,6.609509945,2.475899935,2.751039982,3.051870108,3.360820055,3.739749908,4.127580166,4.710179806,1.090989947,3.174730062
0.13,19.2713007,18.0912003,16.8798,16.2929997,13.7523994,8.40872,4.65229,1.7206101,0.856822,0.0738026,1.730880022,6.787209988,2.329799891,2.662489891,2.986910105,3.344959974,3.714560032,4.171579838,4.762639999,1.151919961,3.130690098
0.0525,21.6806993,24.0610003,23.7748995,12.5613004,8.1965096,4.4994202,2.93511,1.8593101,0.354978,0.0767633,1.683349967,7.714739799,2.283109903,2.590800047,2.910880089,3.210400105,3.512660027,4.018889904,4.758100033,1.203889966,3.081929922
0.2258,15.6388998,19.6170002,15.6376004,12.2020997,9.9346399,13.8335004,9.3036801,3.1473499,0.610937,0.0742003,1.815619946,8.280389786,2.588829994,3.029609919,3.587029934,4.30257988,5.09897995,5.633910179,6.226329803,1.669739962,3.883860111
4.194,6.3101202,15.3228,22.0359996,16.0244003,12.0075002,11.7415003,10.2452002,5.1943801,1.09332,0.0248949,3.053139925,12.51039982,4.740940094,5.407440186,5.932169914,6.51887989,7.107379913,7.978759766,9.080760002,2.258260012,6.031949997
1.1508,6.3101202,15.3228,22.0359996,16.0244003,12.0075002,11.7415003,10.2452002,5.1943801,1.09332,0.0248949,3.053139925,12.51039982,4.740940094,5.407440186,5.932169914,6.51887989,7.107379913,7.978759766,9.080760002,2.258260012,6.031949997
0.3225,3.6872901,6.96394,26.3105989,32.3175997,12.3915002,8.31379,5.7916898,3.3637501,0.836117,0.0237214,3.836980104,12.06949997,4.699540138,4.983180046,5.269899845,5.594769955,5.996419907,6.60781002,8.103949547,1.727409959,5.601920128
0.2873,17.5448,23.3080998,21.9725996,16.3058996,10.4200996,5.9094399,2.42812,1.34178,0.674856,0.0943118,1.757069945,7.1729002,2.305840015,2.614639997,2.921999931,3.200429916,3.554250002,4.020750046,4.689370155,1.137590051,3.080970049
0.0812,19.4023997,18.4066996,17.2105998,16.6683003,13.3898005,7.8077197,4.5473501,1.9610399,0.51471,0.091439,1.673050046,6.070230007,2.227050066,2.486109972,2.769690037,3.053040028,3.324850082,3.670190096,4.13421011,0.956835985,2.855969906
0.2568,12.19,13.9991,19.4342002,19.3875998,13.7994006,12.4871001,5.83192,2.25353,0.574343,0.0428049,1.823819995,6.477700233,2.597719908,2.909810066,3.185220003,3.486279964,3.840420008,4.264269829,4.695010185,1.066669941,3.254070044
3.4907,8.1946597,8.31194,12.4807,26.5758008,27.4738014,9.53077,5.12577,1.47573,0.788553,0.0422981,2.814110041,12.41549969,5.158380032,5.750589848,6.169569969,6.525380135,6.862020016,7.223269939,7.636700153,1.869590044,5.772920132
11.3075,8.6411998,10.0193001,11.5886003,14.7398993,17.9076001,19.7013006,9.65354,6.6989601,1.03115,0.0183973,3.845170021,19.61179924,7.506820202,9.141819954,10.25080013,11.33189964,11.90620041,13.0316,14.7645998,3.98416996,9.713729858
16.3591,22.7258995,5.35441,8.39113,14.9499997,19.9497998,13.0776003,7.4423604,4.6729501,3.4092601,0.0266447,1.903210044,21.74909973,6.489729881,8.971360207,10.41880035,11.33539963,12.35639954,13.63700008,16.49869919,5.2884202,9.524479866
13.6487,7.8978702,7.6814301,14.7643998,24.3653998,21.074,13.2948995,5.6729801,3.9036501,1.32401,0.0212982,5.699450016,28.58550072,10.2670002,11.52600002,12.76570034,13.96899986,15.17669964,17.56049919,20.2621994,5.464680195,13.00189972
12.1567,13.6636004,2.8601199,2.8362701,6.84819,11.1739002,20.2614993,21.1750001,17.1515003,3.9950401,0.0348444,2.635169983,22.07159996,11.24680042,13.38640022,14.82530022,15.83899975,16.66430092,17.60540009,18.78089905,5.6426301,12.88049984
16.4171,22.3398998,4.3110799,8.4283099,12.7645999,14.9388,14.4488007,14.3289,7.2602801,1.15098,0.0283048,1.427629948,20.38209915,6.384449959,8.337679863,9.976750374,11.66390038,13.26439953,14.56340027,15.98799992,5.232530117,9.456549644
13.2165,5.3093798,2.04382,4.6023101,9.6047603,15.8565,24.4614005,22.9126006,12.5506997,2.6294,0.0291538,7.441450119,20.94869995,11.64760017,12.6395998,13.44410038,14.12489986,14.95119953,15.94579983,17.05150032,3.926990032,12.76840019
10.9946,26.1655003,9.6421301,4.60664,6.9782898,7.91822,11.2466,13.0439997,14.2610997,6.1016101,0.0359232,2.627360106,20.31089973,6.738959789,7.842720032,9.533320427,11.67450047,13.58979988,15.06550026,16.92539978,5.338359833,9.929080009
12.9937,26.1655003,9.6421301,4.60664,6.9782898,7.91822,11.2466,13.0439997,14.2610997,6.1016101,0.0359232,2.627360106,20.31089973,6.738959789,7.842720032,9.533320427,11.67450047,13.58979988,15.06550026,16.92539978,5.338359833,9.929080009
19.0608,17.4320996,4.71237,7.0387997,10.5513997,11.3045,11.6251998,15.411,11.6687,10.2311999,0.0246421,3.577939987,29.18190002,11.11670017,13.09749985,15.42959976,18.16539955,22.02939987,23.4211998,26.28650093,7.976399899,15.68169975
10.6543,13.3948997,6.8333797,12.6104996,19.2268997,19.3589002,12.7924994,10.5618998,3.47909,1.7174499,0.0244959,2.495399952,21.7614994,8.036419868,9.200300217,10.16279984,11.26910019,12.70030022,13.99639988,15.6796999,4.648739815,9.990650177
14.5276,56.7086995,7.1290098,4.7771201,3.4285799,2.3457499,5.1720701,8.1975304,8.8605203,3.3504099,0.0303571,1.567029953,20.29400063,1.662799954,1.65734005,1.995440006,4.94863987,10.24240017,14.10980034,16.60899925,6.125500202,6.470469952
16.7677,27.2269994,8.9804702,6.5493397,8.9619599,13.2633999,12.7583995,12.8940001,8.2436703,1.08984,0.0319724,2.070359945,20.24139977,4.964710236,6.773560047,8.807749748,11.28849983,12.30480003,13.65620041,15.30739975,5.001589775,8.817959785
12.873,5.3093798,2.04382,4.6023101,9.6047603,15.8565,24.4614005,22.9126006,12.5506997,2.6294,0.0291538,7.441450119,20.94869995,11.64760017,12.6395998,13.44410038,14.12489986,14.95119953,15.94579983,17.05150032,3.926990032,12.76840019
20.7373,24.6827006,5.5459801,3.6191199,5.7508901,11.5059003,13.5250002,16.9007003,14.0946001,4.3261599,0.0489572,1.821769953,21.0734005,6.984479904,10.45759964,11.83829975,13.63570023,14.74479961,16.20269966,17.8288002,5.934510231,10.71350002
13.6075,29.0877014,8.6617097,7.7647597,6.5275297,8.6579598,12.8439993,14.0264004,8.2180999,4.1741598,0.0377668,1.958170056,18.02420044,4.195020199,5.584579945,7.730679989,10.57699966,12.24359989,13.26290035,15.08080006,4.985620022,8.181659698
9.0529,0.292882,0.678718,1.23917,2.5157901,9.9971503,29.6115011,35.6283993,16.6951001,3.3116501,0.0296989,8.184390068,15.36830044,10.16479969,10.65699959,11.1534996,11.58749962,11.97749996,12.41740036,12.97649956,1.991909981,10.81470013
7.2047,0.391601,0.511311,0.699009,1.37386,7.4921101,22.0367,35.7520014,26.087001,5.6279801,0.0283931,9.309679985,15.89710045,10.93089962,11.40480042,11.90359974,12.33150005,12.80420017,13.31760025,13.97070026,1.97487998,11.68500042
9.8298,0.61981,1.27104,2.35893,4.3542299,13.4366006,30.4212004,33.2450002,12.8114998,1.45193,0.0297687,8.584150314,16.86809921,10.53569984,11.09599972,11.59259987,12.04360008,12.50409985,13.06620026,13.78989983,2.263789892,11.29520035
8.1759,0.645575,1.01083,1.28418,3.3746202,10.6473997,28.0755997,36.9940013,15.2991995,2.63645,0.0321972,8.655790329,16.02540016,10.41419983,10.96889973,11.34869957,11.74499989,12.14150047,12.68099976,13.32549953,2.060659885,11.08399963
9.8532,0.21869,0.801492,1.66374,3.2023601,12.6114994,32.5302005,33.0817014,14.2572001,1.60641,0.0267606,8.673270226,16.05060005,10.25230026,10.72119999,11.12269974,11.53639984,11.97220039,12.47249985,13.19690037,1.928850055,10.96090031
8.4961,0.252913,0.389986,1.21651,3.66101,13.0972996,31.1818004,31.9763005,15.7150999,2.48027,0.0288466,9.475990295,17.2682991,11.01669979,11.49769974,11.95790005,12.4137001,12.88500023,13.53880024,14.31709957,2.041019917,11.85309982
7.5998,0.1957,0.341022,0.69331,3.1806201,16.7520002,31.9178998,26.8261999,17.3902005,2.6716899,0.0313037,9.552479744,17.63800049,10.89970016,11.48250008,12.07260036,12.64770031,13.26850033,14.01119995,14.86859989,2.139230013,12.07439995
8.2626,0.226813,0.343897,0.773193,2.07047,10.0143,29.8923999,34.315601,18.2521999,4.08049,0.0305392,9.419520378,16.17070007,10.7979002,11.15960026,11.57929993,11.97500038,12.37080002,12.84980011,13.60820007,1.814520001,11.47649956
8.6127,0.669524,1.03081,1.1026,2.79286,9.2016697,32.1936995,40.2759999,11.6760001,1.02513,0.0317381,9.633919716,17.31870079,11.27190018,11.72599983,12.10779953,12.47729969,12.87440014,13.36900043,13.95699978,2.060960054,11.83990002
9.254,0.280788,1.34491,3.4774501,7.2776102,14.1856,26.1233985,28.6244988,15.6937003,2.9607199,0.031345,7.539929867,16.11030006,9.882240295,10.50749969,11.05889988,11.6104002,12.1789999,12.75990009,13.53880024,2.376519918,10.75839996
8.0625,0.446573,0.769988,2.4631999,7.53747,22.3639995,32.1824014,24.1450995,9.0146802,1.04607,0.0305648,8.260540009,17.36459923,10.06499958,10.6814003,11.23509979,11.77099991,12.30729961,12.93239975,13.84560013,2.238590002,11.06970024
10.239,0.425647,0.393157,0.707336,1.78535,3.6774501,18.6054006,43.7709004,27.3236006,3.2837801,0.0274004,11.14509964,17.70800018,12.49339962,12.93700027,13.30930042,13.69859982,14.04800034,14.49769974,15.10439968,1.937639952,13.09080029
9.4638,0.326291,0.796637,0.820794,2.1677401,7.7457398,18.6496004,37.8803998,26.7576993,4.82536,0.0297114,10.12880039,17.60230064,12.11979961,12.68459988,13.20390034,13.59529972,14.08139992,14.66020012,15.30970001,2.215090036,12.85550022
7.0374,0.154929,0.40694,0.831099,1.38428,6.8428002,19.0763995,37.8720999,28.1697005,5.2287702,0.0330488,9.67481041,16.14369965,11.31739998,11.74670029,12.16849995,12.5777998,13.00030041,13.46580029,14.08469963,1.854769945,11.97290039
7.7093,0.570661,0.411202,0.896975,4.65331,20.6580997,37.8636003,23.7867996,9.08987,2.03851,0.0310259,9.246430397,17.96710014,10.7524004,11.27070045,11.72830009,12.16619968,12.68369961,13.44219971,14.42730045,2.158410072,11.71220016
2.4327,3.4610499,4.9184401,6.6761702,10.7481003,14.8710996,23.2051998,21.2188005,12.4503002,2.43125,0.0195475,4.705880165,14.49849987,7.59954977,8.615870476,9.312950134,9.910599709,10.49919987,11.19799995,11.99170017,2.725589991,8.810660362
1.6507,1.88809,2.7185399,4.8402201,11.6411999,23.0727002,30.4764986,18.4366003,5.34411,1.56214,0.0198648,5.383639812,12.93500042,7.115429878,7.59954977,7.969850063,8.378230095,8.802229881,9.303879738,10.0085001,1.901950002,7.821400166
3.338,2.27223,4.9171701,13.865,23.7287998,29.5926005,18.1845993,6.7061096,0.586469,0.122944,0.0241947,4.78689003,14.91450024,6.500199795,7.120100021,7.63078022,8.115180016,8.565110207,9.257909775,10.05729961,2.04885006,7.51804018
4.974,4.35794,6.2841497,12.1138997,18.1842998,22.5308999,20.1261997,12.2028999,3.8607001,0.315001,0.023926,4.002880096,13.75199986,6.153789997,6.829110146,7.493360043,8.056209564,8.686389923,9.387999535,10.21430016,2.365070105,7.279679775
5.3674,1.08582,3.9256599,8.4360003,16.6422993,22.8649005,23.2408002,16.3917005,6.72374,0.668198,0.0208812,5.420000076,15.26000023,7.539999962,8.270000458,8.899999619,9.590000153,10.22999954,10.92000008,11.88000011,2.428770065,8.777429581
6.89,1.6135201,4.6498399,11.0152997,20.5991998,21.8732998,19.7954997,14.0925005,5.5895898,0.747848,0.0235327,4.962510109,14.41899967,6.675139904,7.289979935,7.951139927,8.613409996,9.358130455,10.05980015,10.97529984,2.325860023,7.940400124
2.3591,2.67356,5.5612199,6.22789,9.6580997,16.6707993,21.6470003,24.8062998,11.5231,1.21075,0.021243,4.643280029,14.06569958,7.546559811,8.327199936,9.036879539,9.664480209,10.2986002,10.84399986,11.49540043,2.555949926,8.577739716
1.5058,2.93724,5.99356,9.1001399,11.8786,17.9866001,29.2685002,17.3783004,4.32925,1.103,0.0248124,3.98597002,12.52840042,6.320310116,7.131740093,7.70445013,8.14013958,8.534770012,8.940779686,9.586660385,2.151420116,7.216529846
3.267,3.9744999,6.6186503,9.5983803,13.9672995,20.8707005,23.8977,15.3154999,5.01603,0.720665,0.0205111,4.554100037,15.51809978,7.274119854,8.12804985,8.877530098,9.553609848,10.15579987,10.80490017,11.71240044,2.679229975,8.503890038
1.4856,5.2351099,8.84571,14.2182007,18.9304993,23.2528999,19.3174005,8.3852202,1.6480001,0.147107,0.0199765,3.641530037,14.31110001,5.833889961,6.576220036,7.271349907,7.891819954,8.52810955,9.146479607,9.942500114,2.36480999,7.044799805
3.3055,2.11976,5.1260699,9.68761,14.5765007,25.3641009,26.4562011,12.9437,3.3774398,0.324261,0.0243443,4.520840168,13.68179989,6.750160217,7.375060081,7.88699007,8.34803009,8.827529907,9.382340431,10.14099979,2.13383007,7.608530045
2.9249,0.635333,1.9504201,6.83733,22.1983001,37.2227997,19.0279007,8.1367701,3.2053199,0.762688,0.0231277,5.982800007,14.88090038,7.287310123,7.712779999,8.086910248,8.46833992,8.96173954,9.574910164,10.67749977,1.899340034,8.176269531
3.3173,2.43233,5.4111801,8.8580601,14.0102997,21.9873995,25.0919014,16.8874994,4.3082699,0.988613,0.0244697,4.369890213,13.17469978,6.561600208,7.21559,7.762189865,8.317520142,8.859109879,9.376729965,10.06459999,2.175440073,7.514619827
2.0554,2.67356,5.5612199,6.22789,9.6580997,16.6707993,21.6470003,24.8062998,11.5231,1.21075,0.021243,4.643280029,14.06569958,7.546559811,8.327199936,9.036879539,9.664480209,10.2986002,10.84399986,11.49540043,2.555949926,8.577739716
1.8645,1.12778,3.7601199,9.9752203,13.0891994,18.2418004,25.9505004,20.6402004,6.4608999,0.730889,0.0232942,4.535699844,12.1637001,6.374370098,7.086800098,7.590469837,7.999219894,8.371720314,8.844140053,9.446089745,1.899469972,7.245570183
9.8631,14.0248001,15.2008995,6.4004302,5.1445201,9.9014297,17.0497999,18.2269007,11.8384004,2.1778001,0.0350455,4.000090122,20.13339996,6.475430012,7.870930195,10.81540012,12.97280025,14.09230042,15.27530003,16.4409008,4.921279907,10.34899998
7.7165,9.2825502,15.9208998,16.9798002,11.2861,11.4330001,12.9614994,13.8348997,6.8863802,1.38595,0.0288677,3.701280117,20.75519943,7.568520069,8.793769836,9.846679688,10.86400032,12.20660019,13.57730007,15.37010002,4.359360218,9.765749931
6.6151,3.7666999,5.9403401,6.6367596,12.0907001,20.6707999,22.3983005,20.0882003,7.1853697,1.20348,0.019355,5.52504015,21.20949936,10.27890015,11.6303997,12.62979984,13.65929985,14.52120018,15.48219967,16.70700073,4.097439766,11.95930004
10.3486,7.8295998,7.18413,10.4964003,13.2854998,15.1454002,16.5944993,16.7686999,10.4745001,2.1878799,0.0334608,5.001580238,22.1718998,9.582050323,10.9708004,12.35439968,13.49279976,14.81130028,16.11980057,17.87269974,4.690480232,11.89970016
10.5621,1.20807,3.9016999,5.77063,9.4282903,15.1578993,23.7176001,25.7073998,13.7722999,1.31691,0.0192384,8.22826004,22.18440056,12.14939976,13.38560009,14.30519962,15.31260014,16.20070076,17.12100029,18.2493,3.814810038,13.76360035
5.3312,8.7957397,17.6982,21.3561997,13.2889003,11.7193997,11.7160998,7.39097,6.20666,1.8048299,0.0230136,3.737580061,21.14430046,5.822770119,6.921710014,8.538200378,10.01580048,11.77760029,13.64229965,16.36059952,4.646940231,9.232890129
6.3307,13.7294993,15.9312993,10.1159997,9.8101199,11.4600003,14.9067,13.4957001,7.1905598,3.33759,0.0224809,3.481319904,23.33329964,7.035809994,9.21339035,11.04100037,12.97770023,14.91860008,16.48590088,18.58930016,5.631030083,11.05990028
11.4092,9.5854297,15.2568996,13.3337006,8.9777902,12.8497005,14.0177995,11.6264001,10.4378,3.88778,0.0265591,4.026450157,20.46800041,6.729499817,8.19659996,10.26729965,11.83860016,13.18169975,14.68640041,16.5114994,4.703289986,10.16580009
10.6207,4.8463501,5.2848998,5.19359,4.6533201,9.4891198,21.8574002,24.6715993,19.5012003,4.4748299,0.0277565,5.708730221,22.31920052,13.2446003,14.65509987,15.49520016,16.36800003,17.20260048,18.09469986,19.20280075,4.904910088,14.06900024
8.1221,11.5932003,12.0880999,9.1038696,10.4520001,9.8936602,13.3127004,17.9484993,12.5218004,3.05328,0.0330141,3.199320078,22.60479927,8.322170258,10.59280014,12.45800018,14.14500046,15.6807003,17.26810074,18.74710083,5.683320045,11.70860004
10.156,6.4240098,3.8379502,3.8491599,5.9233502,12.1140003,21.2356001,26.4795005,16.6528001,3.4570601,0.0266635,6.405049801,22.11009979,12.51360035,13.76399994,14.81099987,15.75809956,16.63209915,17.54290009,18.65439987,4.519519806,13.76229954
12.8704,4.9864601,5.7798602,7.5813599,9.2002898,15.6570002,20.5331996,20.5660999,12.2892998,3.3842601,0.0221699,5.373730183,20.82939911,10.40989971,11.73779964,12.79310036,13.88510036,15.04769993,16.05660057,17.24209976,4.375090122,12.18739986
10.2059,2.42192,3.3361699,4.1446902,8.9890197,16.7732999,26.5251994,24.0746006,11.6203003,2.09001,0.0247535,8.777959824,22.77090073,12.64589977,13.68309975,14.56890011,15.41749954,16.33790016,17.27519989,18.51230049,3.998929977,13.98799992
3.805,7.0737101,12.9894003,18.5103998,20.2954993,18.7910005,12.3253003,5.6987099,3.73949,0.550881,0.0255775,3.168529987,13.63099957,4.788859844,5.47840023,6.153029919,6.716509819,7.481750011,8.315340042,9.478059769,2.421619892,6.245779991
3.9335,18.0004999,20.5390006,14.4635007,10.4529001,11.1593999,9.57743,9.50104,5.4088701,0.871147,0.0261712,2.660540104,16.70509911,4.215939999,5.007830143,5.954639912,7.506289959,8.999810219,10.83110046,12.53649998,3.699290037,6.926720142
3.2435,10.5708003,19.7543994,17.4868003,15.6480998,13.1511003,12.054,8.6866803,2.21579,0.406567,0.0256752,2.941699982,15.97099972,4.947919846,5.66753006,6.438419819,7.182250023,8.355999947,9.824399948,11.28540039,3.058880091,6.804659843
6.2352,9.0817302,13.3534998,10.8979002,12.8626004,16.5400997,15.4562995,13.1999999,6.4632602,2.11874,0.0257156,3.590080023,16.69440079,6.094089985,7.044939995,7.965569973,9.272339821,10.6590004,11.77649975,13.03530025,3.568059921,8.306460381
3.8896,6.78178,14.3421993,17.9657996,13.5261998,10.9416001,12.3282999,12.5643998,9.5998697,1.92494,0.0249447,3.214050055,14.55539989,5.174510002,6.073239803,7.032839775,8.197640419,9.362620354,10.41959953,11.69779968,3.14854002,7.292640209
3.412,8.9874297,7.42599,8.2823999,15.0426,16.6608006,18.524,16.3072005,7.6227799,1.12267,0.0241771,3.392849922,13.59619999,5.789820194,6.773069859,7.605840206,8.508319855,9.228139877,9.939089775,10.66419983,2.695009947,7.351610184
3.4891,12.6794994,16.4825007,17.5696999,16.2985995,12.0962001,11.8233003,8.9956701,3.14903,0.882484,0.0230216,2.961639881,17.06380081,5.013060093,5.819650173,6.715829849,7.987510204,9.70497036,10.79020023,12.00119972,3.473050117,7.313529968
3.0244,9.86441,16.1719993,22.8830993,16.46,14.4800007,10.8175002,6.4174503,2.4679501,0.414553,0.0230527,2.976419926,14.94729996,4.707749844,5.322790146,5.947730064,6.742370129,7.588769913,8.784029961,10.24549961,2.724930048,6.346119881
4.7593,10.4070999,11.1178003,12.7497002,16.4516002,16.3443998,18.6063007,9.6830703,3.3902202,1.22199,0.0278309,2.780930042,13.44799995,4.989799976,5.79554987,6.611219883,7.491499901,8.260919571,8.906579971,9.90583992,2.64902997,6.531469822
6.6552,5.21455,9.5868699,16.7363003,16.7352006,22.9451001,15.4530004,9.25586,3.3935402,0.65745,0.0221405,4.336810112,16.8803997,6.597249985,7.572569847,8.464710236,9.168040276,9.926099777,10.80749989,12.15810013,2.954570055,8.275300026
1.7775,3.6518902,10.9493002,24.0290001,29.2672992,17.2936007,6.1444901,4.7102399,3.0863199,0.846212,0.0216584,4.063370228,16.16300011,5.865819931,6.381690025,6.847690105,7.300220013,7.838180065,8.900099754,10.35550022,2.516010046,7.092919827
2.5209,11.9921997,18.3115005,19.2220002,13.4884,12.5233993,10.7579999,7.5370103,4.7291499,1.41233,0.025971,2.835289955,15.21339989,4.898379803,5.607550144,6.30700016,6.942349911,7.801690102,9.092579842,11.09249973,3.031589985,6.643410206
2.8056,4.5155,7.6357901,11.9714998,17.6069006,17.8712994,16.4388999,12.6811996,8.1477597,3.10908,0.022041,4.233530045,15.60509968,6.577280045,7.472350121,8.460780144,9.202710152,10.16240025,11.27569962,12.7482996,3.107029915,8.405690193
11.0125,4.7556002,7.72705,13.4238005,29.0298015,16.4363995,11.2607002,9.6974596,5.63935,2.0054299,0.0243974,5.214149952,20.95420074,8.673419952,9.498600006,10.26399994,10.96809959,11.75090027,12.94089985,14.82849979,3.540499926,10.13850021
10.7748,3.6843501,4.2320501,4.0729199,7.9738297,14.4896999,21.9579995,25.7883996,15.5714005,2.2063199,0.0230192,7.687280178,24.05699921,13.12220001,14.74129963,15.78849983,16.8465004,17.73119926,18.81599998,19.92840004,4.688340187,14.7840004
9.2031,9.1306999,9.3446001,9.9718504,11.9810998,14.2302006,18.5644001,14.6597996,8.9859203,3.10461,0.0268254,4.374619961,22.39859962,9.401659966,10.90600014,12.09210014,13.29179955,14.47220039,16.1128006,18.10449982,4.900869846,11.75940037
8.5261,3.0608101,6.9121502,14.8625001,19.8321998,20.2988997,16.2890002,11.2591997,6.1316699,1.3313,0.0224343,6.034959793,21.19779968,8.737050056,9.781709671,10.80080032,11.74069977,12.9708004,14.20629978,15.99040031,3.811249971,10.85900021
6.527,8.9424901,10.2874003,14.0810996,13.9452994,14.0798002,12.1003002,14.3689007,8.3795801,3.79408,0.0211973,4.440430164,20.91080093,7.898519993,8.98581028,10.07019997,11.53890038,13.03979969,15.32180023,17.07550049,4.643839836,10.57159996
4.9,2.9930299,14.3839002,12.748,14.5882994,16.3316995,17.3802003,13.0210996,6.75776,1.77821,0.0178741,4.605529785,20.32900047,7.56675005,9.255660057,10.51089954,11.83500004,13.15869999,14.43659973,15.90970039,4.216629982,10.37209988
7.813,4.94284,6.3415997,8.02003,15.1109993,18.8683003,17.7359998,17.9800004,9.4088897,1.5709801,0.0202504,5.571879864,20.45429993,9.677809715,11.07190037,12.00590038,13.05039978,13.81130028,14.66800022,15.91609955,3.904269934,11.39760017
9.2807,8.8665403,11.6084002,15.4397994,19.1010997,14.6256,15.7196,9.7857803,3.9608099,0.868888,0.0235305,4.059050083,22.89909935,7.742809772,9.028479576,10.17399979,11.7670002,13.35249996,14.80049992,16.65299988,4.636940002,10.45040035
6.4871,5.4156501,9.54023,11.0091999,15.1087999,18.2483003,19.1642001,13.1970003,6.28599,2.0064,0.0241877,4.667679787,21.23089981,8.402000427,9.881039619,11.26159954,12.4762001,13.66100025,15.00949955,16.66659927,4.389460087,10.95349979
16.2452,4.63579,6.88923,6.8185903,10.8842,14.0048996,21.1195007,19.9112996,13.5680005,2.1462601,0.0222528,5.591549873,22.80450058,10.96430016,12.91650009,14.26200008,15.20610046,16.15679932,17.39679909,18.76729965,4.780960083,13.18910027
9.0934,4.6193201,12.7094001,10.3808001,12.6931995,16.7821005,16.4205998,14.9878994,8.64283,2.74742,0.0164356,5.610760212,23.90320015,9.769220352,11.34969997,12.85459995,14.10459995,15.20189953,16.30900002,17.81570053,4.601260185,12.23410034
6.6947,2.9998699,10.4753003,18.0122003,18.3035001,15.8794001,11.5102999,13.0230993,7.9057097,1.87055,0.0200613,5.175849915,20.62260056,7.831600189,8.970080376,10.03859997,11.21140003,12.65810013,14.56289959,16.28499985,4.133299828,10.40939999
4.8951,9.1420397,7.5135902,8.2310297,11.2986997,15.7587007,18.0779994,18.2780996,8.4150203,3.2606501,0.0241774,4.423789978,24.38269997,11.05379963,12.54819965,13.97780037,15.23960018,16.33270073,17.58779907,19.27630043,5.263010025,13.16419983
8.9026,12.9985005,11.1340001,5.5345099,9.0430103,14.5000994,15.1301995,16.5456995,11.8657,3.2276299,0.020559,3.234549999,20.86949921,6.911079884,9.973730087,11.82979965,13.70559978,14.8888998,15.89239979,17.15559959,5.251239777,10.87520027
0.2721,10.7240997,13.0879998,16.3068995,19.1192001,17.7754,13.1463006,6.2019698,2.9034199,0.705499,0.0292014,2.759459972,14.07649994,4.792250156,5.626130104,6.395420074,7.092619896,7.927110195,8.751469612,9.701180458,2.615609884,6.355460167
0.0411,5.2358001,5.7764798,7.72181,15.6301007,24.8867005,23.3237997,13.1353006,3.5639599,0.68415,0.0419253,3.30708003,10.50899982,5.2115798,5.633900166,6.037559986,6.413370132,6.790219784,7.25082016,7.835380077,1.697639942,5.829130173
0.075,4.7315601,4.6122301,7.1347997,10.4162998,20.4106003,23.8804996,19.3344995,8.07155,1.38222,0.0257254,3.811919928,11.67020035,6.19329977,6.762650013,7.234970093,7.70167017,8.164239883,8.678910255,9.345190048,2.09491992,6.919429779
0.0467,4.1817099,5.0642699,6.3011803,14.2295003,24.2254004,24.6608004,15.5460998,5.0806999,0.68,0.0303456,3.679049969,11.08139992,5.723239899,6.179689884,6.595240116,6.99822998,7.431769848,7.896590233,8.515879631,1.824990034,6.384900093
0.0809,2.13916,1.97818,5.6767501,13.4259999,25.2840996,27.2233009,15.7115996,6.9782197,1.54454,0.0381001,4.94137001,11.98019981,6.454659939,6.919000149,7.347569942,7.747220039,8.163240433,8.678190231,9.410030365,1.83220005,7.206779957
0.215,3.7102401,5.3924199,9.8483898,14.9223998,18.7722996,22.7084994,18.4458002,5.26575,0.909053,0.0251457,4.707799911,14.01900005,6.848020077,7.497799873,7.952449799,8.393010139,8.857640266,9.317919731,10.00669956,2.152580023,7.659530163
0.2849,10.0702003,15.2539,20.3756005,18.3954,14.5855993,11.3227002,6.4336397,2.7716,0.765488,0.0257632,2.815759897,14.44869995,4.587180138,5.322169781,6.038829803,6.929830074,7.726669788,8.710680008,10.14400005,2.695749998,6.309189796
0.4108,4.53921,5.0628498,8.0653101,13.5060996,18.7711,19.3040997,17.8377002,10.8809002,2.00762,0.0250323,3.931799889,13.61209965,6.744840145,7.500040054,8.229089737,8.847430229,9.642290115,10.30599976,11.20720005,2.656970024,7.92854023
0.0762,20.3718007,22.5795001,17.8979993,16.1287993,12.1890999,7.6036498,2.09361,0.589376,0.481423,0.0647468,2.013859987,11.90100002,3.1682899,3.696039915,4.16809988,4.835909843,5.445990086,6.351580143,7.507349968,2.123519897,4.535470009
0.0464,3.3814501,4.1097999,7.17391,12.6798004,22.7348998,25.6424993,17.9105997,5.70876,0.632781,0.0254367,3.638230085,10.46930027,5.598169804,6.091750145,6.522099972,6.873449802,7.252610207,7.628099918,8.119350433,1.703500032,6.212550163
0.0487,4.6439301,6.4691097,10.0950003,19.1155002,24.4302005,20.2474996,9.5637403,4.25792,1.15248,0.0246566,3.511059999,11.59039974,5.414760113,5.918990135,6.394820213,6.802939892,7.311649799,7.858019829,8.64770031,1.932440042,6.246550083
0.061,1.50613,3.25775,5.97925,11.3688998,26.493901,28.6264002,16.2129998,5.6401201,0.881736,0.0327968,4.41892004,10.81659985,5.952459812,6.377399921,6.696559906,7.021420002,7.378280163,7.758299828,8.32349968,1.540969968,6.527120113
0.0414,8.2194597,8.9129403,11.3940001,20.5201998,21.9473004,17.7515,9.1381699,1.9208301,0.153915,0.0417246,2.71901989,11.21000004,4.635479927,5.21697998,5.768710136,6.247419834,6.748770237,7.306680202,8.023870468,1.940410018,5.600560188
0.0767,5.1684599,6.0672201,10.2173001,17.0996994,21.0589007,19.8826998,12.9568994,5.9987601,1.51259,0.0375329,3.853929996,13.73069954,6.330890179,7.081980228,7.71310997,8.293049812,8.933620453,9.501660347,10.4659996,2.485399961,7.463659763
